{
  "data_path": "data/creditcard.csv",
  "feature_cols": [
    "Time",
    "V1",
    "V2",
    "V3",
    "V4",
    "V5",
    "V6",
    "V7",
    "V8",
    "V9",
    "V10",
    "V11",
    "V12",
    "V13",
    "V14",
    "V15",
    "V16",
    "V17",
    "V18",
    "V19",
    "V20",
    "V21",
    "V22",
    "V23",
    "V24",
    "V25",
    "V26",
    "V27",
    "V28",
    "Amount"
  ],
  "class_weight": {
    "0": 1.0,
    "1": 577.2868020304569
  },
  "auc": 0.9770418930093141,
  "epochs_trained": 11
}